<?xml version="1.0" encoding="UTF-8"?><?xml-stylesheet type='text/xsl' href='_UpgradeReport_Files/UpgradeReport.xslt'?><UpgradeLog>
<Properties><Property Name="Solution" Value="Innovia.Exception">
</Property><Property Name="Solution File" Value="C:\My Folders\My Work\Projects\Innovia.Exception\Innovia.Exception.sln">
</Property><Property Name="User Options File" Value="C:\My Folders\My Work\Projects\Innovia.Exception\Innovia.Exception.suo">
</Property><Property Name="Date" Value="13 April 2009">
</Property><Property Name="Time" Value="23:04">
</Property><Property Name="Log Number" Value="3">
</Property></Properties><Event ErrorLevel="0" Project="" Source="Innovia.Exception.sln" Description="File successfully backed up as C:\My Folders\My Work\Projects\Innovia.Exception\Backup2\Innovia.Exception.sln">
</Event><Event ErrorLevel="0" Project="" Source="Innovia.Exception.suo" Description="File successfully backed up as C:\My Folders\My Work\Projects\Innovia.Exception\Backup2\Innovia.Exception.suo">
</Event><Event ErrorLevel="0" Project="Innovia.Exception" Source="Innovia.Exception.csproj" Description="Project file successfully backed up as C:\My Folders\My Work\Projects\Innovia.Exception\Backup2\Innovia.Exception.csproj">
</Event><Event ErrorLevel="0" Project="Innovia.Exception" Source="Innovia.Exception.csproj.user" Description="Project user file successfully backed up as C:\My Folders\My Work\Projects\Innovia.Exception\Backup2\Innovia.Exception.csproj.user">
</Event><Event ErrorLevel="0" Project="Innovia.Exception" Source="AssemblyInfo.cs" Description="File successfully backed up as C:\My Folders\My Work\Projects\Innovia.Exception\Backup2\AssemblyInfo.cs">
</Event><Event ErrorLevel="0" Project="Innovia.Exception" Source="InnoviaError.cs" Description="File successfully backed up as C:\My Folders\My Work\Projects\Innovia.Exception\Backup2\InnoviaError.cs">
</Event><Event ErrorLevel="0" Project="Innovia.Exception" Source="InnoviaException.cs" Description="File successfully backed up as C:\My Folders\My Work\Projects\Innovia.Exception\Backup2\InnoviaException.cs">
</Event><Event ErrorLevel="0" Project="Innovia.Exception" Source="Innovia.Exception.csproj" Description="Project converted successfully">
</Event><Event ErrorLevel="3" Project="Innovia.Exception" Source="Innovia.Exception.csproj" Description="Converted">
</Event><Event ErrorLevel="0" Project="" Source="Innovia.Exception.sln" Description="Solution converted successfully">
</Event><Event ErrorLevel="3" Project="" Source="Innovia.Exception.sln" Description="Converted">
</Event><Event ErrorLevel="0" Project="Innovia.Exception" Source="Innovia.Exception.csproj" Description="Scan complete: Upgrade not required for project files.">
</Event></UpgradeLog>