<?xml version="1.0" encoding="UTF-8"?><?xml-stylesheet type='text/xsl' href='_UpgradeReport_Files/UpgradeReport.xslt'?><UpgradeLog>
<Properties><Property Name="Solution" Value="Innovia.Exception">
</Property><Property Name="Solution File" Value="C:\My Folders\My Work\Projects\Innovia.Exception\Innovia.Exception.sln">
</Property><Property Name="User Options File" Value="C:\My Folders\My Work\Projects\Innovia.Exception\Innovia.Exception.suo">
</Property><Property Name="Date" Value="13 April 2009">
</Property><Property Name="Time" Value="23:03">
</Property><Property Name="Log Number" Value="2">
</Property></Properties><Event ErrorLevel="0" Project="" Source="Innovia.Exception.sln" Description="File successfully backed up as C:\My Folders\My Work\Projects\Innovia.Exception\Backup1\Innovia.Exception.sln">
</Event><Event ErrorLevel="0" Project="" Source="Innovia.Exception.suo" Description="File successfully backed up as C:\My Folders\My Work\Projects\Innovia.Exception\Backup1\Innovia.Exception.suo">
</Event><Event ErrorLevel="0" Project="Innovia.Exception" Source="Innovia.Exception.csproj" Description="Project file successfully backed up as C:\My Folders\My Work\Projects\Innovia.Exception\Backup1\Innovia.Exception.csproj">
</Event><Event ErrorLevel="0" Project="Innovia.Exception" Source="Innovia.Exception.csproj.user" Description="Project user file successfully backed up as C:\My Folders\My Work\Projects\Innovia.Exception\Backup1\Innovia.Exception.csproj.user">
</Event><Event ErrorLevel="0" Project="Innovia.Exception" Source="AssemblyInfo.cs" Description="File successfully backed up as C:\My Folders\My Work\Projects\Innovia.Exception\Backup1\AssemblyInfo.cs">
</Event><Event ErrorLevel="0" Project="Innovia.Exception" Source="InnoviaError.cs" Description="File successfully backed up as C:\My Folders\My Work\Projects\Innovia.Exception\Backup1\InnoviaError.cs">
</Event><Event ErrorLevel="0" Project="Innovia.Exception" Source="InnoviaException.cs" Description="File successfully backed up as C:\My Folders\My Work\Projects\Innovia.Exception\Backup1\InnoviaException.cs">
</Event><Event ErrorLevel="0" Project="Innovia.Exception" Source="Innovia.Exception.csproj" Description="Project converted successfully">
</Event><Event ErrorLevel="3" Project="Innovia.Exception" Source="Innovia.Exception.csproj" Description="Converted">
</Event><Event ErrorLevel="2" Project="" Source="Innovia.Exception.sln" Description="Solution file 'C:\My Folders\My Work\Projects\Innovia.Exception\Innovia.Exception.sln' cannot be converted because it cannot be modified. To convert the solution, change the permissions on the solution file to allow modification and re-open it.">
</Event><Event ErrorLevel="3" Project="" Source="Innovia.Exception.sln" Description="Not Converted">
</Event></UpgradeLog>