<?xml version="1.0" encoding="UTF-8"?><?xml-stylesheet type='text/xsl' href='_UpgradeReport_Files/UpgradeReport.xslt'?><UpgradeLog>
<Properties><Property Name="Solution" Value="DataAccessLayer">
</Property><Property Name="Solution File" Value="C:\My Folders\My Work\Projects\DataAccessLayer\DataAccessLayer.sln">
</Property><Property Name="User Options File" Value="C:\My Folders\My Work\Projects\DataAccessLayer\DataAccessLayer.suo">
</Property><Property Name="Date" Value="07 July 2009">
</Property><Property Name="Time" Value="00:30">
</Property><Property Name="Log Number" Value="2">
</Property></Properties><Event ErrorLevel="0" Project="" Source="DataAccessLayer.sln" Description="File successfully backed up as C:\My Folders\My Work\Projects\DataAccessLayer\Backup1\DataAccessLayer.sln">
</Event><Event ErrorLevel="0" Project="" Source="DataAccessLayer.suo" Description="File successfully backed up as C:\My Folders\My Work\Projects\DataAccessLayer\Backup1\DataAccessLayer.suo">
</Event><Event ErrorLevel="0" Project="DataAccessLayer" Source="DataAccessLayer.csproj" Description="Project file successfully backed up as C:\My Folders\My Work\Projects\DataAccessLayer\Backup1\DataAccessLayer.csproj">
</Event><Event ErrorLevel="0" Project="DataAccessLayer" Source="DataAccessLayer.csproj.user" Description="Project user file successfully backed up as C:\My Folders\My Work\Projects\DataAccessLayer\Backup1\DataAccessLayer.csproj.user">
</Event><Event ErrorLevel="0" Project="DataAccessLayer" Source="AssemblyInfo.cs" Description="File successfully backed up as C:\My Folders\My Work\Projects\DataAccessLayer\Backup1\AssemblyInfo.cs">
</Event><Event ErrorLevel="0" Project="DataAccessLayer" Source="DALAbstractFactory.cs" Description="File successfully backed up as C:\My Folders\My Work\Projects\DataAccessLayer\Backup1\DALAbstractFactory.cs">
</Event><Event ErrorLevel="0" Project="DataAccessLayer" Source="DALConnStrings.cs" Description="File successfully backed up as C:\My Folders\My Work\Projects\DataAccessLayer\Backup1\DALConnStrings.cs">
</Event><Event ErrorLevel="0" Project="DataAccessLayer" Source="DALOledb.cs" Description="File successfully backed up as C:\My Folders\My Work\Projects\DataAccessLayer\Backup1\DALOledb.cs">
</Event><Event ErrorLevel="0" Project="DataAccessLayer" Source="DALOledbFactory.cs" Description="File successfully backed up as C:\My Folders\My Work\Projects\DataAccessLayer\Backup1\DALOledbFactory.cs">
</Event><Event ErrorLevel="0" Project="DataAccessLayer" Source="DALRequest.cs" Description="File successfully backed up as C:\My Folders\My Work\Projects\DataAccessLayer\Backup1\DALRequest.cs">
</Event><Event ErrorLevel="0" Project="DataAccessLayer" Source="DALSql.cs" Description="File successfully backed up as C:\My Folders\My Work\Projects\DataAccessLayer\Backup1\DALSql.cs">
</Event><Event ErrorLevel="0" Project="DataAccessLayer" Source="DALSqlFactory.cs" Description="File successfully backed up as C:\My Folders\My Work\Projects\DataAccessLayer\Backup1\DALSqlFactory.cs">
</Event><Event ErrorLevel="0" Project="DataAccessLayer" Source="DataReader.cs" Description="File successfully backed up as C:\My Folders\My Work\Projects\DataAccessLayer\Backup1\DataReader.cs">
</Event><Event ErrorLevel="0" Project="DataAccessLayer" Source="Dataset.cs" Description="File successfully backed up as C:\My Folders\My Work\Projects\DataAccessLayer\Backup1\Dataset.cs">
</Event><Event ErrorLevel="0" Project="DataAccessLayer" Source="ExecuteQuery.cs" Description="File successfully backed up as C:\My Folders\My Work\Projects\DataAccessLayer\Backup1\ExecuteQuery.cs">
</Event><Event ErrorLevel="0" Project="DataAccessLayer" Source="App.config" Description="File successfully backed up as C:\My Folders\My Work\Projects\DataAccessLayer\Backup1\App.config">
</Event><Event ErrorLevel="0" Project="DataAccessLayer" Source="DataAccessLayer.csproj" Description="Project converted successfully">
</Event><Event ErrorLevel="3" Project="DataAccessLayer" Source="DataAccessLayer.csproj" Description="Converted">
</Event><Event ErrorLevel="0" Project="" Source="DataAccessLayer.sln" Description="Solution converted successfully">
</Event><Event ErrorLevel="3" Project="" Source="DataAccessLayer.sln" Description="Converted">
</Event><Event ErrorLevel="0" Project="DataAccessLayer" Source="DataAccessLayer.csproj" Description="Scan complete: Upgrade not required for project files.">
</Event></UpgradeLog>