<?xml version="1.0" encoding="UTF-8"?><?xml-stylesheet type='text/xsl' href='_UpgradeReport_Files/UpgradeReport.xslt'?><UpgradeLog>
<Properties><Property Name="Solution" Value="DataAccessLayer">
</Property><Property Name="Solution File" Value="C:\My Folders\My Work\Projects\DataAccessLayer\DataAccessLayer.sln">
</Property><Property Name="User Options File" Value="C:\My Folders\My Work\Projects\DataAccessLayer\DataAccessLayer.suo">
</Property><Property Name="Date" Value="07 July 2009">
</Property><Property Name="Time" Value="00:28">
</Property></Properties><Event ErrorLevel="0" Project="" Source="DataAccessLayer.sln" Description="File successfully backed up as C:\My Folders\My Work\Projects\DataAccessLayer\Backup\DataAccessLayer.sln">
</Event><Event ErrorLevel="0" Project="" Source="DataAccessLayer.suo" Description="File successfully backed up as C:\My Folders\My Work\Projects\DataAccessLayer\Backup\DataAccessLayer.suo">
</Event><Event ErrorLevel="0" Project="DataAccessLayer" Source="DataAccessLayer.csproj" Description="Project file successfully backed up as C:\My Folders\My Work\Projects\DataAccessLayer\Backup\DataAccessLayer.csproj">
</Event><Event ErrorLevel="0" Project="DataAccessLayer" Source="DataAccessLayer.csproj.user" Description="Project user file successfully backed up as C:\My Folders\My Work\Projects\DataAccessLayer\Backup\DataAccessLayer.csproj.user">
</Event><Event ErrorLevel="0" Project="DataAccessLayer" Source="AssemblyInfo.cs" Description="File successfully backed up as C:\My Folders\My Work\Projects\DataAccessLayer\Backup\AssemblyInfo.cs">
</Event><Event ErrorLevel="0" Project="DataAccessLayer" Source="DALAbstractFactory.cs" Description="File successfully backed up as C:\My Folders\My Work\Projects\DataAccessLayer\Backup\DALAbstractFactory.cs">
</Event><Event ErrorLevel="0" Project="DataAccessLayer" Source="DALConnStrings.cs" Description="File successfully backed up as C:\My Folders\My Work\Projects\DataAccessLayer\Backup\DALConnStrings.cs">
</Event><Event ErrorLevel="0" Project="DataAccessLayer" Source="DALOledb.cs" Description="File successfully backed up as C:\My Folders\My Work\Projects\DataAccessLayer\Backup\DALOledb.cs">
</Event><Event ErrorLevel="0" Project="DataAccessLayer" Source="DALOledbFactory.cs" Description="File successfully backed up as C:\My Folders\My Work\Projects\DataAccessLayer\Backup\DALOledbFactory.cs">
</Event><Event ErrorLevel="0" Project="DataAccessLayer" Source="DALRequest.cs" Description="File successfully backed up as C:\My Folders\My Work\Projects\DataAccessLayer\Backup\DALRequest.cs">
</Event><Event ErrorLevel="0" Project="DataAccessLayer" Source="DALSql.cs" Description="File successfully backed up as C:\My Folders\My Work\Projects\DataAccessLayer\Backup\DALSql.cs">
</Event><Event ErrorLevel="0" Project="DataAccessLayer" Source="DALSqlFactory.cs" Description="File successfully backed up as C:\My Folders\My Work\Projects\DataAccessLayer\Backup\DALSqlFactory.cs">
</Event><Event ErrorLevel="0" Project="DataAccessLayer" Source="DataReader.cs" Description="File successfully backed up as C:\My Folders\My Work\Projects\DataAccessLayer\Backup\DataReader.cs">
</Event><Event ErrorLevel="0" Project="DataAccessLayer" Source="Dataset.cs" Description="File successfully backed up as C:\My Folders\My Work\Projects\DataAccessLayer\Backup\Dataset.cs">
</Event><Event ErrorLevel="0" Project="DataAccessLayer" Source="ExecuteQuery.cs" Description="File successfully backed up as C:\My Folders\My Work\Projects\DataAccessLayer\Backup\ExecuteQuery.cs">
</Event><Event ErrorLevel="0" Project="DataAccessLayer" Source="App.config" Description="File successfully backed up as C:\My Folders\My Work\Projects\DataAccessLayer\Backup\App.config">
</Event><Event ErrorLevel="0" Project="DataAccessLayer" Source="DataAccessLayer.csproj" Description="Project converted successfully">
</Event><Event ErrorLevel="3" Project="DataAccessLayer" Source="DataAccessLayer.csproj" Description="Converted">
</Event><Event ErrorLevel="2" Project="" Source="DataAccessLayer.sln" Description="Solution file 'C:\My Folders\My Work\Projects\DataAccessLayer\DataAccessLayer.sln' cannot be converted because it cannot be modified. To convert the solution, change the permissions on the solution file to allow modification and re-open it.">
</Event><Event ErrorLevel="3" Project="" Source="DataAccessLayer.sln" Description="Not Converted">
</Event></UpgradeLog>